<?xml version="1.0" encoding="UTF-8"?>
<project-private xmlns="http://www.netbeans.org/ns/project-private/1">
    <editor-bookmarks xmlns="http://www.netbeans.org/ns/editor-bookmarks/2" lastBookmarkId="0"/>
    <open-files xmlns="http://www.netbeans.org/ns/projectui-open-files/2">
        <group>
            <file>file:/C:/Users/Gabriell/Documents/NetBeansProjects/FarmazCerto/Farmaz-view/web/ListarFarmacias.jsp</file>
            <file>file:/C:/Users/Gabriell/Documents/NetBeansProjects/FarmazCerto/Farmaz-view/web/MeuCarrinho.jsp</file>
            <file>file:/C:/Users/Gabriell/Documents/NetBeansProjects/FarmazCerto/Farmaz-view/web/CadastrarFarmacia.jsp</file>
            <file>file:/C:/Users/Gabriell/Documents/NetBeansProjects/FarmazCerto/Farmaz-view/web/FinalizarCompra.xhtml</file>
            <file>file:/C:/Users/Gabriell/Documents/NetBeansProjects/FarmazCerto/Farmaz-view/src/java/br/cefetmg/farmaz/controller/HistoricoCompras.java</file>
            <file>file:/C:/Users/Gabriell/Documents/NetBeansProjects/FarmazCerto/Farmaz-view/web/CadastrarCliente.xhtml</file>
            <file>file:/C:/Users/Gabriell/Documents/NetBeansProjects/FarmazCerto/Farmaz-view/src/java/br/cefetmg/farmaz/bean/MapaBean.java</file>
            <file>file:/C:/Users/Gabriell/Documents/NetBeansProjects/FarmazCerto/Farmaz-view/src/java/br/cefetmg/farmaz/controller/FazerPedido.java</file>
            <file>file:/C:/Users/Gabriell/Documents/NetBeansProjects/FarmazCerto/Farmaz-view/web/MenuCliente.xhtml</file>
            <file>file:/C:/Users/Gabriell/Documents/NetBeansProjects/FarmazCerto/Farmaz-view/web/HistoricoCompras.xhtml</file>
            <file>file:/C:/Users/Gabriell/Documents/NetBeansProjects/FarmazCerto/Farmaz-view/web/Mapa.xhtml</file>
            <file>file:/C:/Users/Gabriell/Documents/NetBeansProjects/FarmazCerto/Farmaz-view/web/ListarProdutosCliente.xhtml</file>
            <file>file:/C:/Users/Gabriell/Documents/NetBeansProjects/FarmazCerto/Farmaz-view/src/java/br/cefetmg/farmaz/util/session/SessionContext.java</file>
            <file>file:/C:/Users/Gabriell/Documents/NetBeansProjects/FarmazCerto/Farmaz-view/src/java/br/cefetmg/farmaz/bean/MeuCarrinhoBean.java</file>
            <file>file:/C:/Users/Gabriell/Documents/NetBeansProjects/FarmazCerto/Farmaz-view/src/java/br/cefetmg/farmaz/bean/CadastraClienteMB.java</file>
            <file>file:/C:/Users/Gabriell/Documents/NetBeansProjects/FarmazCerto/Farmaz-view/src/java/br/cefetmg/farmaz/util/session/SessionListener.java</file>
            <file>file:/C:/Users/Gabriell/Documents/NetBeansProjects/FarmazCerto/Farmaz-view/web/HistoricoCompras.jsp</file>
            <file>file:/C:/Users/Gabriell/Documents/NetBeansProjects/FarmazCerto/Farmaz-view/src/java/br/cefetmg/farmaz/proxy/ManterCidadeProxy.java</file>
            <file>file:/C:/Users/Gabriell/Documents/NetBeansProjects/FarmazCerto/Farmaz-view/src/java/br/cefetmg/farmaz/proxy/ManterDisponibilidadeProxy.java</file>
            <file>file:/C:/Users/Gabriell/Documents/NetBeansProjects/FarmazCerto/Farmaz-view/src/java/br/cefetmg/farmaz/proxy/ManterClienteProxy.java</file>
            <file>file:/C:/Users/Gabriell/Documents/NetBeansProjects/FarmazCerto/Farmaz-view/src/java/br/cefetmg/farmaz/bean/ManterProdutoMB.java</file>
            <file>file:/C:/Users/Gabriell/Documents/NetBeansProjects/FarmazCerto/Farmaz-view/src/java/br/cefetmg/farmaz/bean/ListarFarmaciaMB.java</file>
            <file>file:/C:/Users/Gabriell/Documents/NetBeansProjects/FarmazCerto/Farmaz-view/web/ListarFarmacias.xhtml</file>
            <file>file:/C:/Users/Gabriell/Documents/NetBeansProjects/FarmazCerto/Farmaz-view/src/java/br/cefetmg/farmaz/util/session/Filtro.java</file>
            <file>file:/C:/Users/Gabriell/Documents/NetBeansProjects/FarmazCerto/Farmaz-view/src/java/br/cefetmg/farmaz/proxy/ManterProdutoProxy.java</file>
            <file>file:/C:/Users/Gabriell/Documents/NetBeansProjects/FarmazCerto/Farmaz-view/web/WEB-INF/web.xml</file>
            <file>file:/C:/Users/Gabriell/Documents/NetBeansProjects/FarmazCerto/Farmaz-view/web/Faq.xhtml</file>
            <file>file:/C:/Users/Gabriell/Documents/NetBeansProjects/FarmazCerto/Farmaz-view/web/FinalizarCompra.jsp</file>
            <file>file:/C:/Users/Gabriell/Documents/NetBeansProjects/FarmazCerto/Farmaz-view/src/java/br/cefetmg/farmaz/controller/ListarFarmacias.java</file>
            <file>file:/C:/Users/Gabriell/Documents/NetBeansProjects/FarmazCerto/Farmaz-view/src/java/br/cefetmg/farmaz/bean/FinalizarCompraMB.java</file>
            <file>file:/C:/Users/Gabriell/Documents/NetBeansProjects/FarmazCerto/Farmaz-view/web/ListarProdutosCliente.jsp</file>
            <file>file:/C:/Users/Gabriell/Documents/NetBeansProjects/FarmazCerto/Farmaz-view/src/java/br/cefetmg/farmaz/bean/HistoricoComprasMB.java</file>
            <file>file:/C:/Users/Gabriell/Documents/NetBeansProjects/FarmazCerto/Farmaz-view/src/java/br/cefetmg/farmaz/controller/AdicionarCarrinho.java</file>
            <file>file:/C:/Users/Gabriell/Documents/NetBeansProjects/FarmazCerto/Farmaz-view/src/java/br/cefetmg/farmaz/controller/FinalizarCompra.java</file>
            <file>file:/C:/Users/Gabriell/Documents/NetBeansProjects/FarmazCerto/Farmaz-view/web/Login.jsp</file>
            <file>file:/C:/Users/Gabriell/Documents/NetBeansProjects/FarmazCerto/Farmaz-view/web/MeuCarrinho.xhtml</file>
            <file>file:/C:/Users/Gabriell/Documents/NetBeansProjects/FarmazCerto/Farmaz-view/src/java/br/cefetmg/farmaz/controller/MeuCarrinho.java</file>
            <file>file:/C:/Users/Gabriell/Documents/NetBeansProjects/FarmazCerto/Farmaz-view/web/CadastrarCliente.jsp</file>
            <file>file:/C:/Users/Gabriell/Documents/NetBeansProjects/FarmazCerto/Farmaz-view/web/Mapa.jsp</file>
            <file>file:/C:/Users/Gabriell/Documents/NetBeansProjects/FarmazCerto/Farmaz-view/web/CadastrarFarmacia.xhtml</file>
            <file>file:/C:/Users/Gabriell/Documents/NetBeansProjects/FarmazCerto/Farmaz-view/web/MenuCliente.jsp</file>
            <file>file:/C:/Users/Gabriell/Documents/NetBeansProjects/FarmazCerto/Farmaz-view/web/Login.xhtml</file>
            <file>file:/C:/Users/Gabriell/Documents/NetBeansProjects/FarmazCerto/Farmaz-view/src/java/br/cefetmg/farmaz/controller/ListarProdutosCliente.java</file>
            <file>file:/C:/Users/Gabriell/Documents/NetBeansProjects/FarmazCerto/Farmaz-view/src/java/br/cefetmg/farmaz/bean/LoginBean.java</file>
        </group>
    </open-files>
</project-private>
